first_name,name,birthday,email
John,Doe,1990-01-15,johndoe@example.com
Jane,Smith,1985-06-20,janesmith@example.com
Michael,Johnson,1992-03-10,michaeljohnson@example.com
Amy,Williams,1988-12-05,amywilliams@example.com
David,Brown,1991-09-25,davidbrown@example.com
Sarah,Davis,1987-04-12,sarahdavis@example.com
Robert,Miller,1994-07-08,robertmiller@example.com
Emily,Wilson,1989-02-28,emilywilson@example.com
James,Taylor,1993-11-17,jamestaylor@example.com
Jessica,Anderson,1986-08-02,jessicaanderson@example.com
Daniel,Thomas,1990-05-21,danielthomas@example.com
Amanda,Clark,1984-10-16,amandaclark@example.com
Christopher,Lewis,1997-01-07,christopherlewis@example.com
Ashley,Walker,1992-06-25,ashleywalker@example.com
Matthew,Hall,1988-03-14,matthewhall@example.com
Jennifer,Young,1991-12-01,jenniferyoung@example.com
Andrew,Allen,1987-07-18,andrewallen@example.com
Elizabeth,King,1994-04-09,elizabethking@example.com
Joshua,Wright,1989-09-26,joshuawright@example.com
Lauren,Harris,1985-02-19,laurenharris@example.com
Ryan,Scott,1993-11-03,ryanscott@example.com
Megan,Green,1986-06-21,megangreen@example.com
Kevin,Baker,1990-01-30,kevinbaker@example.com
Olivia,Adams,1984-08-27,oliviaadams@example.com
William,Lee,1992-05-14,williamlee@example.com
Stephanie,Morris,1988-12-09,stephaniemorris@example.com
Thomas,Nelson,1991-09-04,thomasnelson@example.com
Rebecca,White,1987-04-22,rebeccawhite@example.com
Brian,Hill,1994-07-17,brianhill@example.com
Michelle,Carter,1989-03-12,michellecarter@example.com
Jason,Mitchell,1993-10-30,jasonmitchell@example.com
Melissa,Roberts,1986-07-14,melissaroberts@example.com
Eric,Turner,1990-04-01,ericturner@example.com
Amy,Phillips,1985-10-17,amyphillips@example.com
Steven,Campbell,1992-07-04,stevencampbell@example.com
Kimberly,Parker,1988-01-24,kimberlyparker@example.com
Jonathan,Evans,1991-08-10,jonathanevans@example.com
Nicole,Collins,1987-03-27,nicolecollins@example.com
Joseph,Morales,1994-06-13,josephmorales@example.com
Heather,Gonzalez,1989-01-08,heathergonzalez@example.com
Benjamin,Cook,1993-09-25,benjamincook@example.com
Rachel,Kelly,1986-04-15,rachelkelly@example.com
David,Bailey,1990-11-01,davidbailey@example.com
Samantha,Rogers,1985-08-18,samantharogers@example.com
Patrick,Perry,1992-03-05,patrickperry@example.com
Amber,Long,1988-12-21,amberlong@example.com
Charles,Foster,1991-09-14,charlesfoster@example.com
Kelly,Howard,1987-06-09,kellyhoward@example.com
Alex,Martin,1995-06-26,alexmartin@example.com
Victoria,Hernandez,1992-06-26,victoriahernandez@example.com
Samuel,Gomez,1988-06-26,samuelgomez@example.com
Natalie,Rivera,1991-06-26,natalierivera@example.com
Jonathan,Reyes,1987-06-26,jonathanreyes@example.com
Amy,Cooper,1994-06-26,amycooper@example.com
Peter,Morgan,1989-06-26,petermorgan@example.com
Vanessa,Bennett,1993-06-26,vanessabennett@example.com
Jason,Coleman,1986-06-26,jasoncoleman@example.com
Megan,Turner,1990-06-26,meganturner@example.com